{
  "max int32": 2147483647,
  "min int32": -2147483648,
  "max int64": 9223372036854775807,
  "min int64": -9223372036854775808,
  "max uint32": 4294967295,
  "max uint64": 18446744073709551615,
  "max float32": 3.40282346638528859811704183484516925440e+38,
  "smallest nonzero float32": 1.401298464324817070923729583289916131280e-45,
  "max float64": 1.79769313486231570814527423731704356798070e+308,
  "smallest nonzero float64": 4.9406564584124654417656879286822137236505980e-324,
  "with scientific format": 52.00000,
  "just a big number": 797693134862315708145274237317043567980706432481707092372958324176568
}
